<?xml version="1.0" encoding="UTF-8"?>

<!DOCTYPE hibernate-configuration PUBLIC "-//Hibernate/Hibernate Configuration DTD 3.0//EN"
	"-http://www.hibernate.org/dtd/hibernate-configuration-3.0.dtd">
	
	<hibernate-mapping>
	
		<class name="models.Category" table="category">	
			
			<id name="id">
				<column name="id"></column>
				<generator class="increment"></generator>
			</id>
			
			<property name="category">
				<column name="category"></column>
			</property>
			
			
	
		</class>
	
	
	</hibernate-mapping>