<?xml version="1.0" encoding="UTF-8"?>

<!DOCTYPE hibernate-configuration PUBLIC "-//Hibernate/Hibernate Configuration DTD 3.0//EN"
	"-http://www.hibernate.org/dtd/hibernate-configuration-3.0.dtd">
	
	<hibernate-mapping>
	
		<class name="com.test.Product" table="product">	
			
			<id name="id">
				<column name="id"></column>
				<generator class="increment"></generator>
			</id>
			
			<property name="name">
				<column name="name"></column>
			</property>
			
			<many-to-one name="category" column="category_id" class="com.test.Category"></many-to-one>
	
	
		</class>
	
	
	</hibernate-mapping>