<?xml version="1.0" encoding="UTF-8"?>

<!DOCTYPE hibernate-configuration PUBLIC "-//Hibernate/Hibernate Configuration DTD 3.0//EN"
	"-http://www.hibernate.org/dtd/hibernate-configuration-3.0.dtd">

<hibernate-mapping>

	<class name="models.Role" table="role">

		<id name="id">
			<column name="id"></column>
			<generator class="increment"></generator>
		</id>
		<property name="role">
			<column name="role"></column>
		</property>
		<property name="createDate">
			<column name="create_date"></column>
		</property>
		<property name="createdBy">
			<column name="creaeted_by"></column>
		</property>
		<property name="updateDate">
			<column name="update_date"></column>
		</property>
		<property name="updatedBy">
			<column name="update_by"></column>
		</property>
		<property name="status">
			<column name="status"></column>
		</property>


		

	</class>


</hibernate-mapping>